{
    "orbital_period": 0.06636275641429827,
    "planet_radius": 0.15795317300956016,
    "equilibrium_temp": 0.08833316834565832,
    "insolation_flux": 0.045243478437442544,
    "transit_depth": 0.11120781546445918,
    "transit_duration": 0.09044858380937858,
    "stellar_teff": 0.11918017306652307,
    "stellar_logg": 0.08129821179968688,
    "stellar_radius": 0.06816803082860796,
    "ra": 0.10257135566688728,
    "dec": 0.06923325315749766
}